INSERT INTO users (id, name, age) 
VALUES 
(1, 'Killmonger', 24), 
(2, 'Jay', 29), 
(3, 'Will', 45), 
(4, 'Kris', 27), 
(5, 'Kim', 33), 
(6, "Bron", 35), 
(7, 'King', 41), 
(8, 'Granger', 88),
(9, 'Hill', 74), 
(10, 'Panther', 30), 
(11, 'Tim', 29), 
(12, 'Tab', 55), 
(13, 'Lil B', 34), 
(14, 'Jim', 66), 
(15, 'Rainer', 17), 
(16, 'Ghost', 36), 
(17, 'Tommy', 34),
(18, 'Tyrek', 20), 
(19, 'Sam', 45), 
(20, 'Nate', 10);

INSERT INTO 
projects (id, title, category, funding_goal, start_date, end_date) 
VALUES 
(1, 'Help me learn Ruby 1-1', 'Book', 1000, '2019-12-06', '2020-12-06'),
(2, 'Whats new Harry Potter', 'Book', 100, '2019-12-06', '2020-12-06'),
(3, 'Hi your welcome', 'Saying', 1230, '2019-12-06', '2020-12-06'),
(4, 'Help me learn Ruby', 'Book', 5000, '2019-12-06', '2024-12-06'),
(5, 'Money on my mind', 'Music', 1340, '2019-07-06', '2020-04-06'),
(6, 'Ruby why you so nice', 'Book', 1500, '2019-02-06', '2020-12-06'),
(7, 'The next Prophet', 'Book', 67000, '2019-08-06', '2020-12-06'),
(8, 'No Air', 'Music', 1800, '2019-08-06', '2020-10-06'),
(9, 'Help me learn Ruby', 'Software', 8000, '2019-11-06', '2020-05-06'),
(10, 'Help me learn Ruby', 'Software', 900, '2019-07-06', '2020-12-06');

INSERT INTO 
pledges (id, amount, user_id, project_id)
VALUES
(1, 10.00, 1, 2),
(2, 10.00, 8, 3),
(3, 10.00, 5, 4),
(4, 10.00, 10, 5),
(5, 10.00, 10, 6),
(6, 70.00, 13, 7),
(7, 10.00, 2, 8),
(8, 80.00, 2, 9),
(9, 10.00, 4, 10),
(10, 10.00, 3, 1),
(11, 10.00, 7, 2),
(12, 10.00, 5, 3),
(13, 300.00, 8, 4),
(14, 600.00, 16, 5),
(15, 60.00, 11, 6),
(16, 30.00, 12, 7),
(17, 900.00, 19, 8),
(18, 90.00, 17, 9),
(19, 10.00, 13, 10),
(20, 10.00, 19, 4),
(21, 10.00, 13, 5),
(22, 800.00, 15, 6),
(23, 100.00, 20, 3),
(24, 1000.00, 3, 5),
(25, 30.00, 1, 6),
(26, 20.00, 7, 7),
(27, 30.00, 3, 8),
(28, 13.00, 7, 9),
(29, 50.00, 6, 10),
(30, 30.00, 1, 10);